LOAN_ID,BR_PRED,EVER_15DPD_IN_90DAYS
15162,0.029036795519672576,0
12969,0.1838086818130677,0
28783,0.04168127146976684,0
31857,0.06740404616737769,0
26627,0.029036795519672576,0
31490,0.06769253240392926,0
25917,0.04716819759316085,0
26287,0.029036795519672576,0
31353,0.04253547233377851,0
30244,0.06136275086040199,0
27741,0.10645529961500225,0
23515,0.06769253240392926,1
23950,0.06740404616737769,0
26364,0.1481708883923947,0
20349,0.11592207701577367,0
26542,0.06790061787243534,0
30750,0.026136037158288387,0
31498,0.16355694033867174,0
34342,0.05926044457644568,0
22380,0.06790061787243534,0
25378,0.04168127146976684,0
30875,0.1052826910462546,0
30439,0.04622545358635051,0
25688,0.1056464063827802,0
28811,0.04622545358635051,0
19767,0.09798961088225654,0
32611,0.06636814453575532,0
23677,0.06769253240392926,0
21457,0.06740404616737769,0
29425,0.06162331324333284,0
28412,0.07485102328283742,0
31773,0.029036795519672576,0
23285,0.09442894857047071,0
28611,0.06162331324333284,0
25186,0.04622545358635051,1
33068,0.04168127146976684,0
27936,0.04168127146976684,0
32948,0.09798961088225654,0
25707,0.04253547233377851,0
25519,0.04168127146976684,0
25983,0.06740404616737769,0
30159,0.10766421231580606,0
22256,0.06769253240392926,0
21850,0.09619091924349925,0
23709,0.09692678924529492,0
27165,0.04253547233377851,0
31381,0.08488592208666651,0
22517,0.06874758348854705,0
28331,0.06874758348854705,0
26927,0.10645529961500225,0
22958,0.04622545358635051,0
26064,0.09798961088225654,0
24741,0.07426896947431992,0
26164,0.06740404616737769,0
21828,0.05270274991556073,0
34359,0.1052826910462546,0
26215,0.06740404616737769,0
32740,0.07485102328283742,0
3648,0.09804792773900878,0
6386,0.06716210309323474,0
31867,0.11592207701577367,0
28875,0.08488592208666651,1
27904,0.06636814453575532,0
30245,0.09798961088225654,0
29285,0.06716210309323474,0
14005,0.06769253240392926,0
28774,0.09687753616454149,0
30070,0.04716819759316085,0
29452,0.06740404616737769,0
30701,0.09263344326340921,0
28750,0.09619091924349925,0
27941,0.04622545358635051,0
30283,0.04168127146976684,0
25573,0.04253547233377851,0
28717,0.06790061787243534,0
20523,0.11592207701577367,1
28595,0.06790061787243534,0
15295,0.042019524488339725,0
3868,0.026136037158288387,0
33564,0.06162331324333284,0
28870,0.06769253240392926,0
7973,0.04168127146976684,0
31830,0.04217889987390294,0
20006,0.04269276120047945,0
30149,0.05270274991556073,0
25876,0.06636814453575532,0
20681,0.09798961088225654,0
22158,0.06740404616737769,1
33470,0.042019524488339725,0
29358,0.09798961088225654,0
25325,0.04168127146976684,0
28886,0.06136275086040199,0
31465,0.026136037158288387,0
24680,0.06636814453575532,0
26046,0.06769253240392926,0
30700,0.06740404616737769,0
31527,0.04269276120047945,0
21397,0.1052826910462546,0
25081,0.05270274991556073,0
22296,0.04168127146976684,0
34480,0.04217889987390294,0
30260,0.04622545358635051,0
18899,0.06740404616737769,0
34588,0.04269276120047945,0
28405,0.1052826910462546,0
25642,0.04253547233377851,0
23925,0.09798961088225654,1
30458,0.1052826910462546,0
26857,0.10766421231580606,1
25698,0.06740404616737769,0
18493,0.04253547233377851,0
22618,0.06874758348854705,0
31069,0.05270274991556073,0
30694,0.04716819759316085,0
30265,0.06790061787243534,0
25550,0.04168127146976684,0
16396,0.16355694033867174,0
22210,0.06740404616737769,0
25842,0.06740404616737769,0
30975,0.04622545358635051,0
28289,0.18200285872543379,1
30225,0.04622545358635051,0
31407,0.06636814453575532,0
28437,0.07426896947431992,0
24812,0.06136275086040199,0
27426,0.09804792773900878,0
23516,0.06769253240392926,1
35235,0.04168127146976684,0
24951,0.1052826910462546,0
22690,0.09619091924349925,0
26892,0.04622545358635051,0
30478,0.04622545358635051,0
32131,0.029036795519672576,0
35134,0.04269276120047945,0
26041,0.04168127146976684,0
29333,0.05270274991556073,0
32161,0.05270274991556073,0
27119,0.029036795519672576,0
25553,0.13303413509919967,0
27641,0.06790061787243534,0
25848,0.06740404616737769,0
28469,0.026136037158288387,0
3103,0.06136275086040199,0
33357,0.06740404616737769,0
25303,0.04253547233377851,0
23748,0.04168127146976684,0
31743,0.04622545358635051,0
30440,0.1052826910462546,0
28435,0.029036795519672576,0
31763,0.07485102328283742,0
28684,0.09619091924349925,0
30169,0.09263344326340921,0
28581,0.09798961088225654,0
29904,0.1056464063827802,0
23848,0.04168127146976684,0
27166,0.06740404616737769,0
27938,0.06136275086040199,0
31479,0.13303413509919967,0
30525,0.20255722658176847,0
12465,0.04269276120047945,0
26464,0.06790061787243534,0
21391,0.06794237658522459,1
30072,0.042019524488339725,0
26318,0.04253547233377851,0
25260,0.06740404616737769,0
30134,0.08365209034091113,1
29780,0.04168127146976684,0
21166,0.1198237816133845,0
31870,0.06769253240392926,0
31814,0.09798961088225654,0
20049,0.06740404616737769,0
28989,0.06769253240392926,0
31006,0.1056464063827802,0
29025,0.04168127146976684,0
28338,0.09798961088225654,0
34519,0.04168127146976684,0
26769,0.09619091924349925,0
28106,0.04269276120047945,0
31178,0.06716210309323474,1
30771,0.06636814453575532,0
29765,0.07426896947431992,1
29052,0.026136037158288387,0
25882,0.11592207701577367,0
26580,0.04269276120047945,0
27217,0.06740404616737769,0
28977,0.10761015320264466,1
26022,0.04217889987390294,0
34805,0.04168127146976684,0
30410,0.029036795519672576,0
29829,0.04253547233377851,0
30717,0.042019524488339725,0
27708,0.06790061787243534,0
26354,0.04168127146976684,0
27893,0.11592207701577367,0
30096,0.06661344983470532,0
33900,0.06636814453575532,0
23696,0.04168127146976684,0
31729,0.06716210309323474,0
30972,0.029036795519672576,0
21132,0.05270274991556073,0
31095,0.04168127146976684,0
29715,0.06769253240392926,0
21746,0.026136037158288387,0
33915,0.1284365368737699,0
27114,0.05270274991556073,0
21160,0.04253547233377851,0
28840,0.08270741055945206,0
26419,0.07485102328283742,0
24399,0.10766421231580606,0
30119,0.11592207701577367,0
19530,0.06740404616737769,0
32358,0.04622545358635051,0
33040,0.06636814453575532,0
29530,0.06790061787243534,0
24191,0.04622545358635051,0
28814,0.029036795519672576,0
27333,0.029036795519672576,0
26000,0.09798961088225654,0
29217,0.06790061787243534,0
29360,0.06636814453575532,0
28531,0.04622545358635051,0
30220,0.11592207701577367,0
26969,0.06136275086040199,0
28127,0.06162331324333284,0
28439,0.06636814453575532,0
15044,0.06636814453575532,0
28419,0.1052826910462546,0
18972,0.09798961088225654,0
30404,0.06874758348854705,0
33914,0.1052826910462546,0
20743,0.2569997000863231,1
26895,0.04622545358635051,0
30779,0.16463682677237784,0
34033,0.04168127146976684,0
25827,0.10639257208229938,1
24999,0.11720862102218314,1
24751,0.0733976073052384,0
29806,0.04168127146976684,0
26280,0.04168127146976684,0
1518,0.13068536741693437,0
24436,0.06740404616737769,0
33495,0.05270274991556073,0
21972,0.06740404616737769,0
19876,0.026136037158288387,0
24182,0.029036795519672576,0
28716,0.04716819759316085,0
27550,0.09804792773900878,0
34074,0.04716819759316085,0
30122,0.06769253240392926,0
31031,0.21642435161140955,0
28271,0.04716819759316085,0
27622,0.04269276120047945,1
36148,0.07426896947431992,0
27078,0.06740404616737769,0
33083,0.10639257208229938,0
34316,0.10761015320264466,0
29264,0.09798961088225654,0
32617,0.026136037158288387,0
29255,0.026136037158288387,0
27280,0.029036795519672576,0
26438,0.06740404616737769,0
25982,0.06740404616737769,0
30958,0.04716819759316085,0
11971,0.06140075366386286,0
28097,0.09764937790844531,0
15281,0.05926044457644568,0
28786,0.09798961088225654,0
17488,0.029036795519672576,0
21059,0.04168127146976684,0
25997,0.07426896947431992,0
33862,0.16355694033867174,0
28407,0.1052826910462546,0
27939,0.07485102328283742,0
29220,0.04659879050999899,0
29289,0.09619091924349925,1
30315,0.05270274991556073,0
25750,0.026136037158288387,0
28146,0.06740404616737769,0
25826,0.09798961088225654,0
31768,0.15077941037602352,0
25115,0.04622545358635051,0
31810,0.1056464063827802,0
28302,0.08270741055945206,1
30766,0.09798961088225654,0
30891,0.1052826910462546,0
26006,0.06136275086040199,0
28004,0.09619091924349925,0
30427,0.13068536741693437,0
29492,0.11592207701577367,0
30576,0.11592207701577367,0
26652,0.06740404616737769,0
34018,0.026136037158288387,0
30621,0.06716210309323474,0
28922,0.1284365368737699,0
26743,0.026136037158288387,0
30803,0.1052826910462546,0
31679,0.11592207701577367,0
28810,0.029036795519672576,0
32485,0.09798961088225654,1
30248,0.029036795519672576,0
23179,0.1284365368737699,0
30592,0.029036795519672576,1
19113,0.0733976073052384,0
31809,0.05270274991556073,0
14046,0.04716819759316085,0
29075,0.026136037158288387,0
23573,0.029036795519672576,0
30088,0.05270274991556073,0
24966,0.029036795519672576,0
19112,0.1052826910462546,0
25614,0.06636814453575532,0
30259,0.06740404616737769,0
32384,0.1052826910462546,0
32166,0.042019524488339725,0
25061,0.16463682677237784,0
11295,0.04168127146976684,0
25945,0.04716819759316085,0
31779,0.042019524488339725,0
30388,0.06790061787243534,0
31825,0.0733976073052384,0
31428,0.09619091924349925,0
7965,0.06716210309323474,0
29758,0.11592207701577367,1
31533,0.06769253240392926,0
34827,0.06716210309323474,0
24831,0.06790061787243534,0
25870,0.06136275086040199,0
25349,0.04716819759316085,0
30952,0.07426896947431992,0
23125,0.07485102328283742,0
30231,0.1052826910462546,0
28281,0.14456386588959635,0
26311,0.22356452834610513,0
19175,0.06136275086040199,0
23358,0.09804792773900878,0
30947,0.06769253240392926,0
17211,0.08334964294316262,0
26166,0.06794237658522459,0
24710,0.08334964294316262,0
29354,0.09653230892637224,0
28683,0.04253547233377851,0
31597,0.042019524488339725,0
23186,0.11592207701577367,0
32039,0.06162331324333284,0
23291,0.04269276120047945,0
16377,0.04269276120047945,0
30724,0.04217889987390294,0
22966,0.042019524488339725,0
15762,0.04269276120047945,0
25841,0.04253547233377851,0
28781,0.08270741055945206,0
22474,0.04622545358635051,0
7894,0.04622545358635051,0
19044,0.06636814453575532,0
34035,0.05270274991556073,0
29745,0.06790061787243534,0
17160,0.22356452834610513,0
25934,0.11592207701577367,0
24655,0.15086388960950778,0
17936,0.07426896947431992,1
9765,0.13303413509919967,0
24122,0.17588937364355203,0
8636,0.08488592208666651,0
27155,0.09798961088225654,0
30236,0.06740404616737769,0
25609,0.04659879050999899,0
30469,0.06740404616737769,0
20508,0.06740404616737769,0
27614,0.09764937790844531,0
33572,0.07426896947431992,0
25657,0.04253547233377851,0
13786,0.04253547233377851,0
33740,0.04622545358635051,0
28373,0.0733976073052384,0
28747,0.06874758348854705,0
30537,0.10685646932884746,0
25960,0.09798961088225654,1
22699,0.04622545358635051,0
24967,0.04716819759316085,0
29681,0.04168127146976684,0
28443,0.04659879050999899,0
30209,0.07485102328283742,0
34739,0.08334964294316262,0
25598,0.04168127146976684,0
32250,0.029036795519672576,0
28751,0.13068536741693437,0
29622,0.026136037158288387,0
15031,0.07485102328283742,0
30531,0.06740404616737769,1
27000,0.04622545358635051,0
26274,0.06716210309323474,0
23024,0.029036795519672576,0
24822,0.08334964294316262,0
11458,0.04269276120047945,0
30081,0.05270274991556073,0
20187,0.04622545358635051,0
25038,0.04622545358635051,0
23715,0.06136275086040199,0
32677,0.04253547233377851,0
33631,0.04168127146976684,0
29725,0.09263344326340921,0
15137,0.06769253240392926,0
28336,0.16355694033867174,0
25247,0.04622545358635051,0
26594,0.04253547233377851,0
27597,0.11592207701577367,0
23849,0.11592207701577367,0
31246,0.1056464063827802,0
34290,0.04253547233377851,0
29294,0.09619091924349925,0
29963,0.09200048537359123,1
27062,0.20936214331724334,0
32116,0.10639257208229938,0
29973,0.06740404616737769,0
30023,0.09653230892637224,0
24052,0.029036795519672576,0
30408,0.1992631206928202,0
26406,0.0733976073052384,0
16411,0.04659879050999899,0
26514,0.06162331324333284,0
29408,0.11592207701577367,0
35832,0.029036795519672576,0
30548,0.1992631206928202,0
29548,0.06713985789198305,0
26416,0.13068536741693437,0
22882,0.06790061787243534,0
23805,0.0733976073052384,0
31090,0.04659879050999899,0
21452,0.06136275086040199,0
34889,0.06661344983470532,0
35548,0.13068536741693437,0
26310,0.06740404616737769,0
34402,0.04659879050999899,0
34247,0.08334964294316262,0
31929,0.04659879050999899,0
29529,0.04168127146976684,0
31800,0.04168127146976684,0
22713,0.09687753616454149,0
22844,0.026136037158288387,0
32997,0.04716819759316085,0
31847,0.06716210309323474,0
19733,0.04622545358635051,0
32061,0.04622545358635051,0
30616,0.1056464063827802,0
32562,0.06794237658522459,0
30985,0.06716210309323474,0
30190,0.04622545358635051,0
25514,0.11592207701577367,0
24859,0.07426896947431992,0
19108,0.1284365368737699,0
25420,0.06740404616737769,0
28731,0.04253547233377851,0
33730,0.04716819759316085,0
25898,0.04622545358635051,0
34981,0.04716819759316085,0
31504,0.07426896947431992,0
29646,0.16463682677237784,0
28816,0.10685646932884746,0
30951,0.04168127146976684,0
28420,0.09798961088225654,0
32167,0.06740404616737769,0
30510,0.04168127146976684,0
16094,0.07426896947431992,0
31805,0.026136037158288387,0
18175,0.029036795519672576,0
17398,0.16463682677237784,0
30842,0.22714640995826324,0
24760,0.06740404616737769,0
23907,0.08270741055945206,0
11012,0.07485102328283742,0
29527,0.042019524488339725,0
22521,0.1052826910462546,0
31927,0.06636814453575532,0
30111,0.08334964294316262,0
34200,0.11592207701577367,0
29218,0.06636814453575532,0
24249,0.10639257208229938,0
16774,0.04253547233377851,1
18116,0.06740404616737769,0
28968,0.06740404616737769,1
30100,0.09798961088225654,0
28802,0.09129823486555201,0
19102,0.042019524488339725,0
19448,0.04168127146976684,0
33231,0.16355694033867174,0
27340,0.06019151553030284,0
20338,0.029036795519672576,0
27038,0.04269276120047945,0
25814,0.04253547233377851,0
29697,0.04168127146976684,0
27845,0.09129823486555201,0
28348,0.06740404616737769,0
29229,0.09798961088225654,0
17646,0.029036795519672576,0
30241,0.06162331324333284,0
28777,0.026136037158288387,0
28349,0.04168127146976684,0
20308,0.026136037158288387,0
28778,0.04622545358635051,0
30091,0.04168127146976684,0
16036,0.07485102328283742,0
30492,0.1052826910462546,0
25990,0.06661344983470532,0
30782,0.04269276120047945,0
31077,0.029036795519672576,0
29002,0.06769253240392926,0
26073,0.14561017470873114,0
28973,0.16463682677237784,0
27144,0.06769253240392926,0
27604,0.1052826910462546,0
31877,0.10639257208229938,1
14258,0.06793624712414692,0
23883,0.07485102328283742,0
26468,0.04168127146976684,0
25258,0.06740404616737769,0
27169,0.16355694033867174,0
28832,0.04622545358635051,0
20266,0.18200285872543379,0
8570,0.08488592208666651,1
28470,0.04217889987390294,0
22455,0.05270274991556073,0
25601,0.1807503665048111,0
29184,0.11592207701577367,0
28890,0.04168127146976684,0
29006,0.06769253240392926,0
26402,0.09129823486555201,0
31319,0.04168127146976684,0
29418,0.06019151553030284,0
33388,0.15028642317508362,0
24260,0.08488592208666651,1
24012,0.06769253240392926,0
22116,0.06740404616737769,0
28260,0.11592207701577367,0
31486,0.06661344983470532,0
29023,0.10766421231580606,0
19170,0.10639257208229938,0
24428,0.20061248231720136,0
19477,0.1052826910462546,0
9126,0.04168127146976684,0
23481,0.13068536741693437,1
31496,0.06794237658522459,0
26014,0.026136037158288387,0
25445,0.029036795519672576,0
27223,0.04716819759316085,0
26384,0.11592207701577367,0
33535,0.1193484288493892,0
21475,0.0733976073052384,0
28426,0.04168127146976684,0
27317,0.04622545358635051,0
30801,0.06740404616737769,0
26341,0.1052826910462546,0
31461,0.0733976073052384,0
18931,0.06769253240392926,1
29855,0.026136037158288387,0
11850,0.09619091924349925,1
29375,0.07572078709931251,1
28346,0.04622545358635051,0
27023,0.04217889987390294,0
28616,0.06794237658522459,0
26629,0.04168127146976684,0
27184,0.05270274991556073,0
7377,0.06790061787243534,0
28086,0.06790061787243534,0
16313,0.07485102328283742,0
28749,0.06790061787243534,0
28606,0.06790061787243534,0
28283,0.06740404616737769,0
30707,0.06740404616737769,0
23086,0.06769253240392926,1
31089,0.09619091924349925,0
22714,0.05270274991556073,0
29077,0.06769253240392926,1
30381,0.06790061787243534,0
26798,0.029036795519672576,0
25002,0.09653230892637224,0
30230,0.04622545358635051,0
29674,0.04659879050999899,0
35327,0.04659879050999899,0
24720,0.08334964294316262,0
25106,0.1052826910462546,0
26307,0.04622545358635051,0
30631,0.19723771618139552,0
23494,0.1056464063827802,0
29900,0.06136275086040199,0
24634,0.1056464063827802,0
29603,0.08488592208666651,0
27246,0.029036795519672576,0
27338,0.06716210309323474,1
23341,0.16183425413645966,1
27008,0.07426896947431992,0
25327,0.026136037158288387,0
32103,0.10766421231580606,0
34660,0.029036795519672576,0
29266,0.029036795519672576,0
35464,0.029036795519672576,0
26096,0.029036795519672576,0
24692,0.09687753616454149,0
28480,0.06790061787243534,0
28334,0.06740404616737769,0
29746,0.10685646932884746,1
21277,0.15077941037602352,0
26478,0.06136275086040199,1
30007,0.06740404616737769,0
27383,0.04253547233377851,0
27763,0.04622545358635051,0
31564,0.04168127146976684,0
17932,0.04622545358635051,0
23078,0.06716210309323474,0
28094,0.026136037158288387,0
23350,0.04622545358635051,0
32213,0.06790061787243534,1
24364,0.042019524488339725,0
27760,0.1052826910462546,0
30187,0.06740404616737769,0
26655,0.026136037158288387,0
25956,0.1056464063827802,0
30093,0.11592207701577367,0
25684,0.042019524488339725,0
26371,0.029036795519672576,0
21403,0.1807503665048111,0
29203,0.06716210309323474,0
30988,0.09692678924529492,0
28687,0.06790061787243534,0
28881,0.16355694033867174,0
25962,0.06636814453575532,0
25915,0.026136037158288387,0
29589,0.17588937364355203,0
23666,0.04168127146976684,0
33453,0.06716210309323474,0
28950,0.06769253240392926,0
29863,0.1052826910462546,0
32597,0.029036795519672576,0
28693,0.04253547233377851,0
28374,0.04622545358635051,0
22292,0.026136037158288387,0
26410,0.06636814453575532,0
31481,0.04168127146976684,0
28314,0.06874758348854705,0
26916,0.06740404616737769,0
30079,0.026136037158288387,0
28572,0.06740404616737769,0
29050,0.11592207701577367,0
31542,0.07485102328283742,0
32720,0.04622545358635051,0
8582,0.09764937790844531,0
23999,0.17588937364355203,0
26579,0.09798961088225654,0
8179,0.05270274991556073,0
21907,0.09619091924349925,0
35822,0.06716210309323474,0
29624,0.04716819759316085,0
11129,0.13303413509919967,0
34917,0.05270274991556073,0
35529,0.1052826910462546,0
28305,0.029036795519672576,0
7226,0.1992631206928202,0
30508,0.09619091924349925,0
30271,0.06162331324333284,0
25828,0.06740404616737769,0
21304,0.026136037158288387,0
31760,0.04269276120047945,0
28309,0.026136037158288387,0
32257,0.06769253240392926,0
21717,0.11592207701577367,0
27160,0.06769253240392926,0
4067,0.06790061787243534,0
29898,0.13303413509919967,0
28623,0.06790061787243534,0
19951,0.026136037158288387,0
22580,0.04622545358635051,0
21330,0.05270274991556073,0
30948,0.04269276120047945,0
28957,0.06716210309323474,0
26827,0.029036795519672576,0
27164,0.06769253240392926,0
25986,0.06769253240392926,0
26622,0.1052826910462546,0
25187,0.06162331324333284,0
24993,0.026136037158288387,0
27913,0.04269276120047945,0
24386,0.07485102328283742,1
31528,0.10565555251594523,0
2619,0.026136037158288387,0
26687,0.04168127146976684,0
25534,0.13068536741693437,0
27077,0.04622545358635051,0
22112,0.08365209034091113,0
18730,0.06790061787243534,1
21620,0.06716210309323474,0
25463,0.1481708883923947,0
18565,0.04168127146976684,0
26773,0.06740404616737769,0
25824,0.1052826910462546,0
27121,0.026136037158288387,0
27755,0.06636814453575532,0
26322,0.1052826910462546,0
26334,0.06790061787243534,0
24203,0.06790061787243534,0
27199,0.1052826910462546,0
22888,0.04168127146976684,0
30251,0.029036795519672576,0
27530,0.04168127146976684,0
30945,0.10766421231580606,0
23380,0.1056464063827802,1
29323,0.09798961088225654,0
24875,0.11592207701577367,0
35670,0.04622545358635051,0
22339,0.04253547233377851,0
26347,0.026136037158288387,0
14809,0.11720862102218314,0
28027,0.06162331324333284,0
30224,0.06740404616737769,0
30115,0.06162331324333284,0
12206,0.042019524488339725,0
33139,0.029036795519672576,0
25625,0.06636814453575532,0
28923,0.04269276120047945,0
30558,0.04269276120047945,0
29011,0.026136037158288387,0
31355,0.06740404616737769,0
24698,0.11592207701577367,0
26470,0.04622545358635051,0
34354,0.04622545358635051,0
15789,0.026136037158288387,0
22093,0.21642435161140955,0
29611,0.04659879050999899,0
33085,0.06769253240392926,0
25394,0.026136037158288387,0
28602,0.06740404616737769,0
29201,0.04269276120047945,0
33565,0.04269276120047945,0
26295,0.04622545358635051,0
26682,0.026136037158288387,0
26568,0.09653230892637224,0
28659,0.06740404616737769,0
27150,0.04716819759316085,0
31441,0.11592207701577367,0
25352,0.13068536741693437,0
32146,0.10685646932884746,0
27629,0.04622545358635051,0
28956,0.09764937790844531,0
33370,0.04168127146976684,0
26122,0.09692678924529492,0
29237,0.026136037158288387,0
29538,0.06636814453575532,0
24411,0.09798961088225654,0
25873,0.09619091924349925,0
18250,0.04253547233377851,0
20558,0.17588937364355203,1
28122,0.04253547233377851,0
34711,0.11592207701577367,0
22446,0.0733976073052384,0
30158,0.06793624712414692,0
28277,0.04253547233377851,0
31120,0.04168127146976684,0
30938,0.10766421231580606,0
15019,0.0733976073052384,0
28918,0.0733976073052384,0
29762,0.038016657452188705,0
32353,0.06716210309323474,0
25234,0.04622545358635051,0
30210,0.04168127146976684,0
29432,0.08334964294316262,0
26750,0.10639257208229938,0
30831,0.1056464063827802,0
31041,0.04253547233377851,1
30983,0.05270274991556073,0
32096,0.10685646932884746,0
28251,0.04622545358635051,0
30937,0.06740404616737769,1
26133,0.04168127146976684,0
28326,0.06740404616737769,0
26570,0.06769253240392926,0
26422,0.1056464063827802,0
29854,0.09263344326340921,0
24047,0.06162331324333284,0
25207,0.09804792773900878,0
28858,0.06790061787243534,0
28963,0.04253547233377851,0
14855,0.06740404616737769,0
30413,0.1056464063827802,0
26582,0.09619091924349925,0
28368,0.11592207701577367,0
32432,0.11592207701577367,1
33936,0.04253547233377851,0
31278,0.06769253240392926,0
31778,0.08488592208666651,0
26437,0.16355694033867174,0
30431,0.10565555251594523,1
25865,0.06790061787243534,0
27126,0.029036795519672576,0
28434,0.11720862102218314,0
20942,0.09129823486555201,0
30627,0.04622545358635051,0
19355,0.04622545358635051,0
28442,0.09804792773900878,0
27631,0.04622545358635051,0
24083,0.11592207701577367,0
21991,0.06636814453575532,0
23132,0.06740404616737769,0
28354,0.08488592208666651,0
27839,0.04716819759316085,0
33117,0.04168127146976684,0
30136,0.04168127146976684,0
31827,0.04253547233377851,0
26085,0.1052826910462546,0
32186,0.09619091924349925,0
31696,0.029036795519672576,0
30540,0.06790061787243534,0
12340,0.1052826910462546,0
22802,0.13068536741693437,0
13955,0.06769253240392926,0
24061,0.0733976073052384,0
18617,0.029036795519672576,0
19807,0.09764937790844531,0
27101,0.06140075366386286,0
29265,0.06740404616737769,1
31617,0.04269276120047945,0
28465,0.04622545358635051,0
25409,0.029036795519672576,1
23966,0.10565555251594523,0
24687,0.06740404616737769,0
31150,0.04622545358635051,0
2205,0.04622545358635051,0
23995,0.1052826910462546,0
16773,0.04622545358635051,0
32084,0.026136037158288387,0
28822,0.029036795519672576,0
23908,0.04716819759316085,1
27756,0.09619091924349925,0
29016,0.06769253240392926,0
30155,0.04716819759316085,0
21382,0.10766421231580606,1
19983,0.04253547233377851,0
27238,0.06740404616737769,0
18236,0.11592207701577367,0
29044,0.04622545358635051,0
34697,0.042019524488339725,0
33625,0.04253547233377851,0
31395,0.029036795519672576,0
34370,0.10639257208229938,0
16511,0.14978644762221013,0
4468,0.06716210309323474,0
25647,0.06769253240392926,0
24615,0.1284365368737699,0
9784,0.026136037158288387,0
24819,0.06636814453575532,0
31499,0.04269276120047945,0
25500,0.04168127146976684,0
31094,0.06716210309323474,0
26727,0.06794237658522459,0
29445,0.06740404616737769,1
5968,0.06740404616737769,1
19984,0.05270274991556073,0
8888,0.13311023035515038,0
23625,0.09263344326340921,0
29166,0.04253547233377851,0
28926,0.06740404616737769,0
31356,0.029036795519672576,0
24488,0.04253547233377851,0
28856,0.13068536741693437,0
20062,0.06769253240392926,0
12444,0.09619091924349925,0
26151,0.06790061787243534,0
33313,0.04253547233377851,0
28767,0.09798961088225654,0
21139,0.08334964294316262,0
28411,0.06769253240392926,0
34820,0.11720862102218314,0
27840,0.06661344983470532,0
20648,0.16463682677237784,1
22997,0.06769253240392926,0
25611,0.029036795519672576,0
29076,0.08462657373094293,0
29105,0.1052826910462546,0
21228,0.08462657373094293,0
28987,0.11592207701577367,0
26329,0.11808427133912172,0
2941,0.06716210309323474,0
32135,0.04253547233377851,0
31173,0.10565555251594523,0
31093,0.06793624712414692,0
30222,0.07426896947431992,0
35566,0.06136275086040199,0
12383,0.04253547233377851,0
30449,0.04622545358635051,0
30160,0.04217889987390294,0
16098,0.06769253240392926,0
30202,0.06790061787243534,0
25610,0.13068536741693437,0
26250,0.09692678924529492,0
33945,0.07485102328283742,0
26017,0.09798961088225654,0
33521,0.1052826910462546,0
20262,0.06162331324333284,0
30853,0.07426896947431992,0
28369,0.029036795519672576,0
25361,0.10766421231580606,0
18637,0.07485102328283742,1
15362,0.06740404616737769,0
30928,0.06740404616737769,0
13410,0.04659879050999899,0
29860,0.04168127146976684,0
27178,0.04168127146976684,0
15245,0.06740404616737769,0
27194,0.09653230892637224,0
25373,0.06874758348854705,0
25836,0.06716210309323474,1
31448,0.06716210309323474,0
27921,0.04168127146976684,0
27743,0.08488592208666651,0
30069,0.04253547233377851,0
25206,0.09263344326340921,0
30454,0.0733976073052384,0
26038,0.09619091924349925,0
31161,0.04622545358635051,0
18536,0.029036795519672576,0
28547,0.06740404616737769,0
25914,0.04716819759316085,0
34647,0.1052826910462546,0
22948,0.10565555251594523,0
29409,0.06740404616737769,0
21581,0.06716210309323474,0
27316,0.07426896947431992,0
24785,0.04659879050999899,0
19900,0.10639257208229938,1
31442,0.07485102328283742,0
10484,0.06740404616737769,0
34054,0.06769253240392926,0
24516,0.029036795519672576,0
26336,0.12982960608218183,0
21836,0.026136037158288387,0
31392,0.026136037158288387,0
21146,0.04168127146976684,0
27765,0.06716210309323474,0
28438,0.06740404616737769,0
18509,0.029036795519672576,0
28303,0.04253547233377851,0
26796,0.09263344326340921,0
25779,0.1052826910462546,0
30161,0.07485102328283742,0
31098,0.06162331324333284,0
9256,0.04269276120047945,0
29372,0.14978644762221013,1
30053,0.13790733814944708,0
29230,0.06636814453575532,0
31413,0.04716819759316085,0
29776,0.04253547233377851,0
29378,0.06740404616737769,0
22390,0.06636814453575532,0
24948,0.04716819759316085,0
27120,0.04253547233377851,0
24281,0.04622545358635051,0
26161,0.06793624712414692,0
26418,0.04168127146976684,1
28705,0.06769253240392926,0
29279,0.04269276120047945,0
30144,0.04622545358635051,0
27961,0.0733976073052384,0
27087,0.08270741055945206,0
20336,0.07485102328283742,0
27617,0.05270274991556073,1
27480,0.07485102328283742,0
31418,0.08488592208666651,0
27829,0.06790061787243534,0
32455,0.06661344983470532,0
26297,0.09798961088225654,0
20761,0.04253547233377851,0
26065,0.026136037158288387,0
25831,0.09619091924349925,0
28457,0.026136037158288387,0
29240,0.06769253240392926,0
24765,0.06740404616737769,0
26385,0.07426896947431992,0
24121,0.1056464063827802,0
31776,0.1052826910462546,0
28884,0.04168127146976684,0
29816,0.029036795519672576,0
25223,0.06716210309323474,0
27009,0.04716819759316085,0
22730,0.04253547233377851,0
22963,0.04253547233377851,0
24805,0.1052826910462546,0
31532,0.13303413509919967,0
22678,0.042019524488339725,0
33975,0.04168127146976684,0
28570,0.06740404616737769,0
33581,0.04622545358635051,1
27116,0.07485102328283742,1
24145,0.14561017470873114,0
19934,0.06136275086040199,0
24828,0.04622545358635051,1
32261,0.029036795519672576,0
30297,0.04622545358635051,0
23787,0.06769253240392926,0
30172,0.06636814453575532,0
28339,0.09653230892637224,0
32943,0.05926044457644568,0
31102,0.1056464063827802,0
26885,0.06790061787243534,0
29844,0.07426896947431992,0
30197,0.04168127146976684,0
28333,0.06790061787243534,0
30107,0.06790061787243534,0
23061,0.04269276120047945,0
26032,0.13311023035515038,0
31948,0.06140075366386286,0
23879,0.06136275086040199,0
27423,0.06716210309323474,0
28784,0.042019524488339725,0
25644,0.06740404616737769,0
25749,0.04168127146976684,0
29192,0.08334964294316262,0
31083,0.11592207701577367,0
28045,0.06769253240392926,0
33422,0.06769253240392926,0
32017,0.04716819759316085,0
31157,0.10639257208229938,0
31774,0.04168127146976684,0
23059,0.04622545358635051,1
22034,0.06769253240392926,0
27795,0.09798961088225654,0
31704,0.21642435161140955,0
33104,0.06019151553030284,0
28461,0.06790061787243534,0
14879,0.1052826910462546,0
26203,0.04253547233377851,0
27424,0.06136275086040199,0
21032,0.06769253240392926,1
28390,0.05270274991556073,0
26079,0.06636814453575532,1
21880,0.17588937364355203,0
26090,0.07485102328283742,0
33973,0.04622545358635051,0
28898,0.09798961088225654,0
23260,0.09798961088225654,0
27214,0.16463682677237784,0
20651,0.04622545358635051,0
28796,0.09653230892637224,0
27773,0.026136037158288387,0
22392,0.09263344326340921,0
30620,0.06716210309323474,0
26426,0.026136037158288387,0
30534,0.05270274991556073,0
28584,0.09764937790844531,0
17886,0.1284365368737699,0
23334,0.06790061787243534,0
30234,0.04253547233377851,0
25880,0.07485102328283742,0
31068,0.10565555251594523,0
28527,0.04168127146976684,0
30467,0.06740404616737769,0
26454,0.06636814453575532,0
25086,0.04622545358635051,0
24449,0.06740404616737769,0
22287,0.06769253240392926,0
24884,0.05270274991556073,0
25408,0.06740404616737769,0
25340,0.09263344326340921,0
31828,0.10766421231580606,0
31379,0.026136037158288387,0
26279,0.026136037158288387,0
28655,0.11720862102218314,0
22788,0.06136275086040199,1
25626,0.06162331324333284,0
22701,0.04253547233377851,0
15101,0.029036795519672576,0
25544,0.06740404616737769,0
26563,0.06661344983470532,0
29243,0.10565555251594523,0
29644,0.06790061787243534,0
23503,0.042019524488339725,0
26440,0.06740404616737769,0
15766,0.09798961088225654,0
30664,0.06636814453575532,0
27110,0.04269276120047945,0
29653,0.06140075366386286,0
23899,0.04716819759316085,0
15107,0.21642435161140955,0
27690,0.04168127146976684,0
26067,0.04622545358635051,0
15971,0.11592207701577367,0
28454,0.07426896947431992,0
32336,0.04716819759316085,0
31129,0.09798961088225654,0
28020,0.04716819759316085,0
23979,0.04168127146976684,0
22125,0.06716210309323474,0
26707,0.16355694033867174,0
27435,0.09798961088225654,0
22274,0.09653230892637224,0
27227,0.04253547233377851,0
32009,0.16355694033867174,1
26397,0.04168127146976684,0
30961,0.029036795519672576,0
33190,0.09798961088225654,0
11096,0.184310784153232,0
22739,0.06136275086040199,0
21105,0.06136275086040199,0
29319,0.06769253240392926,0
26103,0.04622545358635051,0
27784,0.0733976073052384,0
32356,0.04253547233377851,0
28401,0.07485102328283742,0
3354,0.04622545358635051,0
34704,0.026136037158288387,0
29305,0.1052826910462546,0
28911,0.05270274991556073,0
31512,0.04253547233377851,0
26082,0.04253547233377851,0
27064,0.04622545358635051,0
21346,0.13790733814944708,0
24882,0.16463682677237784,0
23945,0.1284365368737699,0
30527,0.14978644762221013,0
20950,0.04269276120047945,0
13331,0.13311023035515038,0
32442,0.04269276120047945,0
21568,0.1052826910462546,1
26512,0.05270274991556073,0
28410,0.05270274991556073,0
30970,0.06636814453575532,0
27171,0.04622545358635051,0
28377,0.06716210309323474,0
28742,0.04168127146976684,0
28834,0.026136037158288387,0
32050,0.06769253240392926,0
29654,0.06716210309323474,0
34789,0.1052826910462546,0
31600,0.04253547233377851,0
25761,0.06740404616737769,0
27896,0.06136275086040199,0
26015,0.04622545358635051,0
33924,0.0733976073052384,0
33993,0.06769253240392926,0
26431,0.026136037158288387,0
27917,0.22356452834610513,0
23773,0.06740404616737769,0
30430,0.026136037158288387,0
24021,0.04269276120047945,0
23157,0.026136037158288387,0
28378,0.029036795519672576,0
30016,0.16355694033867174,0
31819,0.06769253240392926,1
30412,0.04168127146976684,0
24890,0.06740404616737769,0
29588,0.04659879050999899,0
30104,0.1056464063827802,0
30526,0.06740404616737769,0
25087,0.07485102328283742,0
29832,0.06740404616737769,1
14015,0.04253547233377851,0
30978,0.029036795519672576,0
32964,0.11592207701577367,0
28826,0.09619091924349925,1
27520,0.1992631206928202,0
30148,0.06136275086040199,0
23983,0.04622545358635051,1
31070,0.06769253240392926,0
31683,0.029036795519672576,0
28056,0.1052826910462546,0
30693,0.07485102328283742,0
30605,0.1284365368737699,0
31213,0.06162331324333284,0
26603,0.09798961088225654,0
15879,0.06769253240392926,0
32072,0.06740404616737769,0
26995,0.04622545358635051,0
21646,0.1056464063827802,1
30387,0.06740404616737769,0
22696,0.06740404616737769,0
31447,0.04659879050999899,0
33937,0.042019524488339725,0
31026,0.06162331324333284,0
15596,0.09619091924349925,0
23980,0.04168127146976684,0
31287,0.042019524488339725,0
23599,0.09619091924349925,0
27836,0.07485102328283742,1
